<?xml version="1.0" encoding="UTF-8"?>
<toolbox>
<!-- 
	<data type=”string”>
		<key>version</key>
		<value>1.3</value>
	</data>
	 -->
	<tool>
		<key>esc</key>
		<scope>application</scope>
		<class>org.apache.velocity.tools.generic.EscapeTool</class>
	</tool>
<!-- 
	<tool>
		<key>text</key>
		<scope>request</scope>
		<class>org.apache.velocity.tools.struts.MessageTool</class>
	</tool>
	<tool>
		<key>errors</key>
		<scope>request</scope>
		<class>org.apache.velocity.tools.struts.ErrorsTool</class>
	</tool>
	<tool>
		<key>messages</key>
		<scope>request</scope>
		<class>
			org.apache.velocity.tools.struts.ActionMessagesTool
		</class>
	</tool>
	<tool>
		<key>form</key>
		<scope>request</scope>
		<class>org.apache.velocity.tools.struts.FormTool</class>
	</tool>
	<tool>
		<key>tiles</key>
		<scope>request</scope>
		<class>org.apache.velocity.tools.struts.TilesTool</class>
	</tool>
	<tool>
		<key>validator</key>
		<scope>request</scope>
		<class>org.apache.velocity.tools.struts.ValidatorTool</class>
	</tool>
	 -->
</toolbox>